{"meta":{"last_updated_at":"2024-02-03T23:59:59Z"},"data":{"ADA":{"code":"ADA","value":1.9491544698},"AED":{"code":"AED","value":3.6716204297},"AFN":{"code":"AFN","value":74.8663226211},"ALL":{"code":"ALL","value":96.403997249},"AMD":{"code":"AMD","value":407.5269405906},"ANG":{"code":"ANG","value":1.7869902137},"AOA":{"code":"AOA","value":831.6289485729},"ARB":{"code":"ARB","value":0.5652400273},"ARS":{"code":"ARS","value":827.5050146066},"AUD":{"code":"AUD","value":1.5352002342},"AVAX":{"code":"AVAX","value":0.0277957168},"AWG":{"code":"AWG","value":1.79},"AZN":{"code":"AZN","value":1.7},"BAM":{"code":"BAM","value":1.8158803121},"BBD":{"code":"BBD","value":2},"BDT":{"code":"BDT","value":109.6529972381},"BGN":{"code":"BGN","value":1.7966302754},"BHD":{"code":"BHD","value":0.376},"BIF":{"code":"BIF","value":2854.006423312},"BMD":{"code":"BMD","value":1},"BNB":{"code":"BNB","value":0.0031991424},"BND":{"code":"BND","value":1.3413902539},"BOB":{"code":"BOB","value":6.9356511216},"BRL":{"code":"BRL","value":4.9707809398},"BSD":{"code":"BSD","value":1},"BTC":{"code":"BTC","value":2.31514e-5},"BTN":{"code":"BTN","value":83.1336150436},"BWP":{"code":"BWP","value":13.662672274},"BYN":{"code":"BYN","value":3.2750054768},"BYR":{"code":"BYR","value":32750.055725501},"BZD":{"code":"BZD","value":2},"CAD":{"code":"CAD","value":1.3461101965},"CDF":{"code":"CDF","value":2662.5220193699},"CHF":{"code":"CHF","value":0.8666201499},"CLF":{"code":"CLF","value":0.0254200028},"CLP":{"code":"CLP","value":947.4489906047},"CNY":{"code":"CNY","value":7.1933913973},"COP":{"code":"COP","value":3938.1329118917},"CRC":{"code":"CRC","value":517.5853288935},"CUC":{"code":"CUC","value":1},"CUP":{"code":"CUP","value":24},"CVE":{"code":"CVE","value":102.1474960618},"CZK":{"code":"CZK","value":23.0398837293},"DAI":{"code":"DAI","value":1.0056216461},"DJF":{"code":"DJF","value":177.721},"DKK":{"code":"DKK","value":6.907401072},"DOP":{"code":"DOP","value":58.8157680816},"DOT":{"code":"DOT","value":0.1462546841},"DZD":{"code":"DZD","value":135.1283248592},"EGP":{"code":"EGP","value":30.9032455156},"ERN":{"code":"ERN","value":15},"ETB":{"code":"ETB","value":57.1785207032},"ETH":{"code":"ETH","value":0.0004335217},"EUR":{"code":"EUR","value":0.9269801295},"FJD":{"code":"FJD","value":2.2479003377},"FKP":{"code":"FKP","value":0.7916383908},"GBP":{"code":"GBP","value":0.7915500811},"GEL":{"code":"GEL","value":2.7004802811},"GGP":{"code":"GGP","value":0.7916379942},"GHS":{"code":"GHS","value":12.3433919363},"GIP":{"code":"GIP","value":0.7916385947},"GMD":{"code":"GMD","value":58.6335480921},"GNF":{"code":"GNF","value":8562.7789323633},"GTQ":{"code":"GTQ","value":7.8064512909},"GYD":{"code":"GYD","value":208.9572503816},"HKD":{"code":"HKD","value":7.8195914655},"HNL":{"code":"HNL","value":24.6714338911},"HRK":{"code":"HRK","value":7.020751307},"HTG":{"code":"HTG","value":133.9995822336},"HUF":{"code":"HUF","value":355.2187609691},"IDR":{"code":"IDR","value":15642.584654623},"ILS":{"code":"ILS","value":3.6608605828},"IMP":{"code":"IMP","value":0.7916380083},"INR":{"code":"INR","value":82.9808391736},"IQD":{"code":"IQD","value":1308.2782867274},"IRR":{"code":"IRR","value":42004.693361823},"ISK":{"code":"ISK","value":137.3446759189},"JEP":{"code":"JEP","value":0.7916381489},"JMD":{"code":"JMD","value":156.0981434407},"JOD":{"code":"JOD","value":0.71},"JPY":{"code":"JPY","value":148.3987113049},"KES":{"code":"KES","value":160.1293041123},"KGS":{"code":"KGS","value":90.2053400396},"KHR":{"code":"KHR","value":4078.3406751989},"KMF":{"code":"KMF","value":456.4828992812},"KPW":{"code":"KPW","value":900.001365938},"KRW":{"code":"KRW","value":1336.1963674659},"KWD":{"code":"KWD","value":0.3063200436},"KYD":{"code":"KYD","value":0.83333},"KZT":{"code":"KZT","value":451.4019184651},"LAK":{"code":"LAK","value":20779.206868965},"LBP":{"code":"LBP","value":15015.121641049},"LKR":{"code":"LKR","value":314.01529131},"LRD":{"code":"LRD","value":189.6797776282},"LSL":{"code":"LSL","value":18.5984833651},"LTC":{"code":"LTC","value":0.014497564},"LTL":{"code":"LTL","value":3.1970130842},"LVL":{"code":"LVL","value":0.6507356797},"LYD":{"code":"LYD","value":4.8257307993},"MAD":{"code":"MAD","value":10.0289710955},"MATIC":{"code":"MATIC","value":1.2727002805},"MDL":{"code":"MDL","value":17.6923923552},"MGA":{"code":"MGA","value":4547.7786380922},"MKD":{"code":"MKD","value":56.9074877709},"MMK":{"code":"MMK","value":2095.1527807027},"MNT":{"code":"MNT","value":3402.5499007222},"MOP":{"code":"MOP","value":8.118561569},"MRO":{"code":"MRO","value":356.999828},"MUR":{"code":"MUR","value":46.0016357679},"MVR":{"code":"MVR","value":15.4528520934},"MWK":{"code":"MWK","value":1683.8383494098},"MXN":{"code":"MXN","value":17.1274632453},"MYR":{"code":"MYR","value":4.7167808636},"MZN":{"code":"MZN","value":63.700519743},"NAD":{"code":"NAD","value":18.8538324483},"NGN":{"code":"NGN","value":1413.7288560611},"NIO":{"code":"NIO","value":36.6243730405},"NOK":{"code":"NOK","value":10.6119512979},"NPR":{"code":"NPR","value":133.9402044215},"NZD":{"code":"NZD","value":1.648420257},"OMR":{"code":"OMR","value":0.3842700511},"OP":{"code":"OP","value":0.3376620886},"PAB":{"code":"PAB","value":0.9990301014},"PEN":{"code":"PEN","value":3.834490744},"PGK":{"code":"PGK","value":3.7818304632},"PHP":{"code":"PHP","value":55.9296888807},"PKR":{"code":"PKR","value":279.5953977447},"PLN":{"code":"PLN","value":3.9956604091},"PYG":{"code":"PYG","value":7293.9045766482},"QAR":{"code":"QAR","value":3.6402805155},"RON":{"code":"RON","value":4.6091207749},"RSD":{"code":"RSD","value":108.1561716466},"RUB":{"code":"RUB","value":90.999270292},"RWF":{"code":"RWF","value":1271.1702320099},"SAR":{"code":"SAR","value":3.7443404837},"SBD":{"code":"SBD","value":8.4246119383},"SCR":{"code":"SCR","value":14.4290524415},"SDG":{"code":"SDG","value":601.5},"SEK":{"code":"SEK","value":10.4925016665},"SGD":{"code":"SGD","value":1.3415102119},"SHP":{"code":"SHP","value":0.7915501451},"SLL":{"code":"SLL","value":22458.564621547},"SOL":{"code":"SOL","value":0.010205705},"SOS":{"code":"SOS","value":570.9429773325},"SRD":{"code":"SRD","value":36.5356159156},"STD":{"code":"STD","value":22699.488116227},"SVC":{"code":"SVC","value":8.75},"SYP":{"code":"SYP","value":13001.880180022},"SZL":{"code":"SZL","value":18.8980832837},"THB":{"code":"THB","value":35.6436956348},"TJS":{"code":"TJS","value":11.0519722008},"TMT":{"code":"TMT","value":3.5},"TND":{"code":"TND","value":3.1170204717},"TOP":{"code":"TOP","value":2.3528302892},"TRY":{"code":"TRY","value":30.4153356966},"TTD":{"code":"TTD","value":6.7546711924},"TWD":{"code":"TWD","value":31.4197338533},"TZS":{"code":"TZS","value":2523.2246079621},"UAH":{"code":"UAH","value":37.7415470495},"UGX":{"code":"UGX","value":3843.1384485623},"USD":{"code":"USD","value":1},"USDC":{"code":"USDC","value":0.9992096454},"USDT":{"code":"USDT","value":0.9992536789},"UYU":{"code":"UYU","value":39.1267647035},"UZS":{"code":"UZS","value":12441.22907359},"VEF":{"code":"VEF","value":3614991.9074171},"VND":{"code":"VND","value":24332.645587425},"VUV":{"code":"VUV","value":119.0779569853},"WST":{"code":"WST","value":2.7359907478},"XAF":{"code":"XAF","value":607.9069251318},"XAG":{"code":"XAG","value":0.0440814891},"XAU":{"code":"XAU","value":0.0004903641},"XCD":{"code":"XCD","value":2.7},"XDR":{"code":"XDR","value":0.7577500802},"XOF":{"code":"XOF","value":607.9069291091},"XPD":{"code":"XPD","value":0.0010240665},"XPF":{"code":"XPF","value":110.50630046},"XPT":{"code":"XPT","value":0.0010828845},"XRP":{"code":"XRP","value":1.9171642863},"YER":{"code":"YER","value":249.8551955933},"ZAR":{"code":"ZAR","value":18.8978426152},"ZMK":{"code":"ZMK","value":9001.2},"ZMW":{"code":"ZMW","value":27.2443728315},"ZWL":{"code":"ZWL","value":361.9}}}